([<Response [301]>, <Response [301]>, <Response [302]>], --> , 200, = , paragonhelp.epicgames.com, https://www.unrealengine.com/en-US/paragon)
([<Response [301]>, <Response [302]>, <Response [301]>], --> , 404, = , unrealengine.com, https://www.unrealengine.com/en-US/widget/widgetjs.js)
([<Response [301]>, <Response [302]>], --> , 200, = , help.epicgames.com, https://www.epicgames.com/help/en-US/)
([<Response [301]>], --> , 200, = , crownclash.epicgames.com, https://www.epicgames.com/fortnite/en-US/news/crown-clash-earn-rewards-in-fortnite-fall-guys-and-rocket-league)
([<Response [301]>], --> , 200, = , fortnitehelp.epicgames.com, https://www.epicgames.com/help/en-US/fortnite-c5719335176219/)
([<Response [301]>], --> , 200, = , login.epicgames.com, https://epicgames.okta.com)
([<Response [301]>], --> , 202, = , crownclash-staging.epicgames.com, https://www.epicgames.com/fortnite/en-US/news/crown-clash-earn-rewards-in-fortnite-fall-guys-and-rocket-league)
([<Response [301]>], --> , 403, = , gateway.epicgames.com, https://store.epicgames.com/widget/widgetJS.js)
([<Response [301]>], --> , 403, = , gearsforums.epicgames.com, https://store.epicgames.com/widget/widgetJS.js)
([<Response [301]>], --> , 403, = , utforums.epicgames.com, https://store.epicgames.com/widget/widgetJS.js)
([<Response [301]>], --> , 403, = , weighted.epicgames.com, https://store.epicgames.com/widget/widgetJS.js)
([<Response [301]>], --> , 403, = , www.epicgames.com, https://store.epicgames.com/widget/widgetJS.js)
([<Response [301]>], --> , 404, = , answers.unrealengine.com, https://forums.unrealengine.com/widget/widgetJS.js)
([<Response [301]>], --> , 404, = , apacudn.epicgames.com, https://docs.unrealengine.com/udk/widget/widgetJS.js)
([<Response [301]>], --> , 404, = , communities.unrealengine.com, https://communities.unrealengine.com/widget/widgetJS.js/)
([<Response [301]>], --> , 404, = , udn.epicgames.com, https://docs.unrealengine.com/udk/widget/widgetJS.js)
([<Response [302]>, <Response [301]>], --> , 403, = , epicgames.com, https://store.epicgames.com/widget/widgetJS.js)
([<Response [302]>, <Response [301]>], --> , 404, = , docs-ak.unrealengine.com, https://docs-ak.unrealengine.com/en-US/widget/widgetjs.js)
([<Response [302]>, <Response [301]>], --> , 404, = , docstest.unrealengine.com, https://docstest.unrealengine.com/en-US/widget/widgetjs.js)
([<Response [302]>, <Response [301]>], --> , 404, = , gateway.unrealengine.com, https://gateway.unrealengine.com/en-US/widget/widgetjs.js)
([<Response [302]>, <Response [301]>], --> , 404, = , link.unrealengine.com, https://link.unrealengine.com/en-US/widget/widgetjs.js)
([<Response [302]>, <Response [302]>, <Response [301]>, <Response [302]>], --> , 404, = , prodstaging.store.epicgames.com, https://www.epicgames.com/site/en-US/widget/widgetJS.js)
([<Response [302]>, <Response [302]>, <Response [301]>], --> , 200, = , marketplacehelp.epicgames.com, https://marketplacehelp.epicgames.com/s/login/?language=en_US&startURL=%2Fwidget%2FwidgetJS.js)
([<Response [302]>, <Response [302]>, <Response [302]>], --> , 200, = , battlebreakershelp.epicgames.com, https://www.epicgames.com/help/en-US/c5719372715035)
([<Response [302]>, <Response [302]>, <Response [302]>], --> , 200, = , shadowcomplexhelp.epicgames.com, https://www.epicgames.com/help/en-US/c5719351124763)
([<Response [302]>, <Response [302]>], --> , 200, = , academy.unrealengine.com, https://dev.epicgames.com/community)
([<Response [302]>, <Response [302]>], --> , 200, = , marketplace-website-node-launcher-prod.ol.epicgames.com, https://marketplace-website-node-launcher-prod.ol.epicgames.com/ue/marketplace/en-US/store)
([<Response [302]>, <Response [302]>], --> , 200, = , preview-academy.unrealengine.com, https://dev.epicgames.com/community)
([<Response [302]>, <Response [302]>], --> , 200, = , remotework.epicgames.com, https://accounts.google.com/v3/signin/identifier?dsh=S1124799153%3A1672338780787766&continue=https%3A%2F%2Fsites.google.com%2Fepicgames.com%2Fepicwfh%2Fwidget%2FwidgetJS.js&followup=https%3A%2F%2Fsites.google.com%2Fepicgames.com%2Fepicwfh%2Fwidget%2FwidgetJS.js&osid=1&passive=1209600&flowName=WebLiteSignIn&flowEntry=ServiceLogin&ifkv=AeAAQh5fOjbPROvUXs92OX0oDCcz39V4R_NnDtsPVXUD4MgP8Oh_6XtsKu2fA9ILixtIFYH7lwidPw)
([<Response [302]>, <Response [302]>], --> , 200, = , uebd.epicgames.com, https://accounts.google.com/v3/signin/identifier?dsh=S855743376%3A1672338785212550&continue=https%3A%2F%2Fsites.google.com%2Fepicgames.com%2Fbdportal%2Fwidget%2FwidgetJS.js&followup=https%3A%2F%2Fsites.google.com%2Fepicgames.com%2Fbdportal%2Fwidget%2FwidgetJS.js&osid=1&passive=1209600&flowName=WebLiteSignIn&flowEntry=ServiceLogin&ifkv=AeAAQh78hw1D-LUXQvjJ05DOozJQ1KdgKw5cSGYLFSw2zTiW5RvyB83Nk4o3zLur7UbqCl41iLVN)
([<Response [302]>, <Response [302]>], --> , 404, = , api.unrealengine.com, https://docs.unrealengine.com/5.1/en-US/widget/widgetJS.js)
([<Response [302]>], --> , 200, = , accounthelp.epicgames.com, https://www.epicgames.com/help/en-US/epic-accounts-c5719348850459/)
([<Response [302]>], --> , 200, = , education.unrealengine.com, https://www.unrealengine.com/en-US/event-expired)
([<Response [302]>], --> , 200, = , enterprise.unrealengine.com, https://www.unrealengine.com/en-US/event-expired)
([<Response [302]>], --> , 200, = , eoshelp.epicgames.com, https://eoshelp.epicgames.com/EPICSSOLoginEpicDeveloperNetwork?startURL=%2Fwidget%2FwidgetJS.js)
([<Response [302]>], --> , 200, = , fortnitecontent-website-prod.ak.epicgames.com, https://fortnitecontent-website-prod.ak.epicgames.com/static/preview.html)
([<Response [302]>], --> , 200, = , fortnitecontent-website-prod07.ol.epicgames.com, https://fortnitecontent-website-prod07.ol.epicgames.com/static/preview.html)
([<Response [302]>], --> , 200, = , jira.it-entapps-dev.epicgames.com, https://epicgames.oktapreview.com/oauth2/v1/authorize?client_id=0oa13w3777zG7PFff0h8&redirect_uri=https%3A%2F%2Fjira.it-entapps-dev.epicgames.com%2Foauth2%2Fidpresponse&response_type=code&scope=openid%20profile%20offline_access&state=ayVZk5TQh7HPku3XZWANVR5RarApxFVqpe4BfoOWoO83tWICgQ1NU8sslYBhhL1PZGZEQ5JFbkQdSKFORaiLK19hdkTYgW3zySaWqdxKGzFOwTkW%2Fi%2Ff74MkisPfsun3Pne9NQfPms85pnWCL2sni6LsFkff0AV7LBPXnRv0oQL9SGbtU%2FcpyKtPdFVyEre8%2FPlbyYBFLo1v5tZTQ%2BbrdxLR%2BN0Gbgs%2B)
([<Response [302]>], --> , 200, = , jira.it.epicgames.com, https://epicgames.okta.com/oauth2/v1/authorize?client_id=0oaul3xsg2xy19Mv00x7&redirect_uri=https%3A%2F%2Fjira.it.epicgames.com%2Foauth2%2Fidpresponse&response_type=code&scope=openid%20profile%20offline_access&state=lb6%2FUfiDF1rHaGg%2B%2Fa%2Bj08XKNAwjIJSKxBJUpqqIfoZQcAs4VKwDDKgVn%2F9ZFHRJyyBq33oxeQa1qv9ZcMrYtJUiMxr6TJ%2F2BdUkng0AvquhWu1tC4uMUhfaX46acNQhyS9kJQQsvNhZ%2BRCQ1NKyeQlVAZWncfyvLbFfUe53X0LpELc4d7PUozfUCaBJXi0MtKC61zRIQb6hjxG%2FgodlYpUefytZ8igT)
([<Response [302]>], --> , 200, = , jira.operations.it.epicgames.com, https://epicgames.okta.com/oauth2/v1/authorize?client_id=0oaul42u4oiQRIHby0x7&redirect_uri=https%3A%2F%2Fjira.operations.it.epicgames.com%2Foauth2%2Fidpresponse&response_type=code&scope=openid%20profile%20offline_access&state=chkCzkjhiF1QElOwyTsOofj9or2DPO3tKKrIn0WMQh5uWEGxIdSx%2BIztN6kV%2Bv7y6P3sfF3XW291KStOyxOtZ8IkcRT65VFdTZbW39dekRNCKFvMMqHz9RSrNOvQHGwq5JMmMXFp3akLK3XJSWfXyxGfVNZRmyY2dWyco7YfeuEbQHZqisrgHSgWptKHIzipgjCfFu%2FJ%2Be8KVa87I9W1jbkE%2Bjfh2MQ5)
([<Response [302]>], --> , 200, = , jira.stage.it.epicgames.com, https://epicgames.okta.com/oauth2/v1/authorize?client_id=0oaul42u4oiQRIHby0x7&redirect_uri=https%3A%2F%2Fjira.stage.it.epicgames.com%2Foauth2%2Fidpresponse&response_type=code&scope=openid%20profile%20offline_access&state=q7dkw5S4PDuUhBm3cXeYaY%2Bol7sUXSiHUF%2B5WJ4DlzZIgTt9GyX4CtHkkLgPdi1fE58Mh9uwJda5fJnN9Oj4kG0WbfUz2cnFsJI6O5bBEFofLN%2BYPRHRFhHtgPnnB%2FeNnKqg5gB4FD8EZ49zZQn0w7BM59ymNHx%2FiYeM%2F4scslq8j7vO8l7Hk2C65kJEcNv7LU2roAI3NDR0L2FRR3iCgB5u4vz49OXP)
([<Response [302]>], --> , 200, = , launcherhelp.epicgames.com, https://www.epicgames.com/help/en-US/epic-games-store-c5719341124379/)
([<Response [302]>], --> , 200, = , learn.unrealengine.com, https://dev.epicgames.com/community)
([<Response [302]>], --> , 200, = , metahuman.unrealengine.com, https://metahuman.unrealengine.com/browser-unsupported)
([<Response [302]>], --> , 200, = , rocketleaguehelp.epicgames.com, https://www.epicgames.com/help/en-US/rocket-league-c5719357623323/)
([<Response [302]>], --> , 200, = , shithappens.liveops.on.epicgames.com, https://epicgames.okta.com/oauth2/v1/authorize?client_id=0oar8nj74xxFsOCYv0x7&redirect_uri=https%3A%2F%2Fshithappens.liveops.on.epicgames.com%2Foauth2%2Fidpresponse&response_type=code&scope=openid%20profile%20email%20groups&state=bFXLozmlly6K2agCqll4yDwVR1Fhq%2BQkbZCF4N9Ve7LtlEAtzFrVMbkLG02%2BauVnq4gEL%2BvXpfseMulUnlxT4GM4e4388B%2FD4uS50RenngJkFERF6bXmWYQxf909SYchc0ll3t2PH4zUjbaKxdBChVqOwj6ff%2BW71ufZ%2Bsq2FPRzF%2Boe8nHWqtk1SZPOZnYUuInbIPOfzpzvoAwWdnJ6ZhspJdf8q6M%3D)
([<Response [302]>], --> , 200, = , twinmotion.unrealengine.com, https://twinmotion.unrealengine.com/browser-unsupported)
([<Response [302]>], --> , 200, = , twinmotionhelp.epicgames.com, https://twinmotionhelp.epicgames.com/EPICSSOLoginTwinmotion?startURL=%2Fwidget%2FwidgetJS.js)
([<Response [302]>], --> , 200, = , udn.unrealengine.com, https://udn.unrealengine.com/EPICSSOLoginUnrealDeveloperNetwork?startURL=%2Fwidget%2FwidgetJS.js)
([<Response [302]>], --> , 200, = , ue.unrealengine.com, https://www.unrealengine.com/en-US/event-expired)
([<Response [302]>], --> , 200, = , ue5help.epicgames.com, https://ue5help.epicgames.com/EPICSSOLoginUE5?startURL=%2Fwidget%2FwidgetJS.js)
([<Response [302]>], --> , 200, = , wiki.unrealengine.com, https://forums.unrealengine.com:443/t/a-new-community-hosted-unreal-engine-wiki/141494)
([<Response [302]>], --> , 404, = , dev.epicgames.com, https://dev.epicgames.com/en-US/widget/widgetJS.js)
([<Response [302]>], --> , 404, = , docs.unrealengine.com, https://docs.unrealengine.com/5.1/en-US/widget/widgetJS.js)
([<Response [302]>], --> , 404, = , launcher-website-prod07.ol.epicgames.com, https://launcher-website-prod07.ol.epicgames.com/error-404)
([<Response [302]>], --> , 404, = , launcher-website.unrealengine.com, https://launcher-website.unrealengine.com/error-404)
([<Response [302]>], --> , 404, = , ue-launcher-website-prod.ol.epicgames.com, https://ue-launcher-website-prod.ol.epicgames.com/error-404)
([<Response [307]>, <Response [307]>, <Response [301]>, <Response [307]>, <Response [307]>], --> , 200, = , engineering.epicgames.com, https://engineering.epicgames.com/?gi=52eeaf01cae1)
([], --> , 200, = , accounts.epicgames.com, https://accounts.epicgames.com/widget/widgetJS.js)
([], --> , 200, = , accounts.launcher-website-prod07.ol.epicgames.com, https://accounts.launcher-website-prod07.ol.epicgames.com/widget/widgetJS.js)
([], --> , 200, = , accounts.unrealengine.com, https://accounts.unrealengine.com/widget/widgetJS.js)
([], --> , 200, = , hcaptcha-api.ecosec.on.epicgames.com, https://hcaptcha-api.ecosec.on.epicgames.com/widget/widgetJS.js)
([], --> , 200, = , hcaptcha-endpoint.ecosec.on.epicgames.com, https://hcaptcha-endpoint.ecosec.on.epicgames.com/widget/widgetJS.js)
([], --> , 200, = , hcaptcha-proxy-service-prod.ak.epicgames.com, https://hcaptcha-proxy-service-prod.ak.epicgames.com/widget/widgetJS.js)
([], --> , 200, = , merchantpool1.epicgames.com, https://merchantpool1.epicgames.com/widget/widgetJS.js)
([], --> , 200, = , redirect.epicgames.com, https://redirect.epicgames.com/widget/widgetJS.js)
([], --> , 200, = , static-errors.epicgames.com, https://static-errors.epicgames.com/widget/widgetJS.js)
([], --> , 200, = , teradici-us-west-2.megastation.it.epicgames.com, https://teradici-us-west-2.megastation.it.epicgames.com/widget/widgetJS.js)
([], --> , 302, = , info.unrealengine.com, https://info.unrealengine.com/widget/widgetJS.js)
([], --> , 400, = , accts.epicgames.com, https://accts.epicgames.com/widget/widgetJS.js)
([], --> , 400, = , approval-bot.it-entapps-dev.epicgames.com, https://approval-bot.it-entapps-dev.epicgames.com/widget/widgetJS.js)
([], --> , 400, = , approval-bot.it.epicgames.com, https://approval-bot.it.epicgames.com/widget/widgetJS.js)
([], --> , 400, = , approval-bot.stage.it.epicgames.com, https://approval-bot.stage.it.epicgames.com/widget/widgetJS.js)
([], --> , 400, = , devs.epicgames.com, https://devs.epicgames.com/widget/widgetJS.js)
([], --> , 400, = , ec22eb03-2f81-d943-e4b5-2c7535c1f501-ap-east-1.rtcp.on.epicgames.com, https://ec22eb03-2f81-d943-e4b5-2c7535c1f501-ap-east-1.rtcp.on.epicgames.com/widget/widgetJS.js)
([], --> , 400, = , ec2721f4-9c64-e7de-a297-75a0b2fe2b89-us-east-2.rtcp.on.epicgames.com, https://ec2721f4-9c64-e7de-a297-75a0b2fe2b89-us-east-2.rtcp.on.epicgames.com/widget/widgetJS.js)
([], --> , 400, = , fg-matchmaking-public-service-cert-stage.ol.epicgames.com, https://fg-matchmaking-public-service-cert-stage.ol.epicgames.com/widget/widgetJS.js)
([], --> , 400, = , fg-matchmaking-public-service-live-a.ol.epicgames.com, https://fg-matchmaking-public-service-live-a.ol.epicgames.com/widget/widgetJS.js)
([], --> , 400, = , fg-matchmaking-public-service-live-b.ol.epicgames.com, https://fg-matchmaking-public-service-live-b.ol.epicgames.com/widget/widgetJS.js)
([], --> , 400, = , fg-matchmaking-public-service-live-c.ol.epicgames.com, https://fg-matchmaking-public-service-live-c.ol.epicgames.com/widget/widgetJS.js)
([], --> , 400, = , fortnite-matchmaking-public-service-live-asia.ol.epicgames.com, https://fortnite-matchmaking-public-service-live-asia.ol.epicgames.com/widget/widgetJS.js)
([], --> , 400, = , fortnite-matchmaking-public-service-live-br.ol.epicgames.com, https://fortnite-matchmaking-public-service-live-br.ol.epicgames.com/widget/widgetJS.js)
([], --> , 400, = , fortnite-matchmaking-public-service-live-eu.ol.epicgames.com, https://fortnite-matchmaking-public-service-live-eu.ol.epicgames.com/widget/widgetJS.js)
([], --> , 400, = , fortnite-matchmaking-public-service-live-me.ol.epicgames.com, https://fortnite-matchmaking-public-service-live-me.ol.epicgames.com/widget/widgetJS.js)
([], --> , 400, = , fortnite-matchmaking-public-service-live-nae.ol.epicgames.com, https://fortnite-matchmaking-public-service-live-nae.ol.epicgames.com/widget/widgetJS.js)
([], --> , 400, = , fortnite-matchmaking-public-service-live-naw.ol.epicgames.com, https://fortnite-matchmaking-public-service-live-naw.ol.epicgames.com/widget/widgetJS.js)
([], --> , 400, = , fortnite-matchmaking-public-service-live-oce.ol.epicgames.com, https://fortnite-matchmaking-public-service-live-oce.ol.epicgames.com/widget/widgetJS.js)
([], --> , 400, = , fortnite-mm-public-service-live-me.ak.epicgames.com, https://fortnite-mm-public-service-live-me.ak.epicgames.com/widget/widgetJS.js)
([], --> , 400, = , fortnite-mm-public-service-live-nae-origin.ak.epicgames.com, https://fortnite-mm-public-service-live-nae-origin.ak.epicgames.com/widget/widgetJS.js)
([], --> , 400, = , fortnite-mm-public-service-live-naw.ak.epicgames.com, https://fortnite-mm-public-service-live-naw.ak.epicgames.com/widget/widgetJS.js)
([], --> , 400, = , mail.epicgames.com, https://mail.epicgames.com/widget/widgetJS.js)
([], --> , 400, = , solo-hpms.dev.rtcp.on.epicgames.com, https://solo-hpms.dev.rtcp.on.epicgames.com/widget/widgetJS.js)
([], --> , 400, = , targetprocess-bot.it.epicgames.com, https://targetprocess-bot.it.epicgames.com/widget/widgetJS.js)
([], --> , 401, = , communityportal.epicgames.com, https://communityportal.epicgames.com/widget/widgetJS.js)
([], --> , 401, = , forms.epicgames.com, https://forms.epicgames.com/widget/widgetJS.js)
([], --> , 401, = , forms.unrealengine.com, https://forms.unrealengine.com/widget/widgetJS.js)
([], --> , 401, = , megagrants.unrealengine.com, https://megagrants.unrealengine.com/widget/widgetJS.js)
([], --> , 401, = , qa-forums.unrealengine.com, https://qa-forums.unrealengine.com/widget/widgetJS.js)
([], --> , 401, = , staging-forumhub.unrealengine.com, https://staging-forumhub.unrealengine.com/widget/widgetJS.js)
([], --> , 403, = , 0.epic-social-game-overlay-prod-ci.ol.epicgames.com, https://0.epic-social-game-overlay-prod-ci.ol.epicgames.com/widget/widgetJS.js)
([], --> , 403, = , aop-configs.beef.live.use1a.on.epicgames.com, https://aop-configs.beef.live.use1a.on.epicgames.com/widget/widgetJS.js)
([], --> , 403, = , api.kws.ol.epicgames.com, https://api.kws.ol.epicgames.com/widget/widgetJS.js)
([], --> , 403, = , api.lt.qstv.on.epicgames.com, https://api.lt.qstv.on.epicgames.com/widget/widgetJS.js)
([], --> , 403, = , auth-api-prod.artpipeline-dev.it.epicgames.com, https://auth-api-prod.artpipeline-dev.it.epicgames.com/widget/widgetJS.js)
([], --> , 403, = , auth-api.artpipeline-dev.it.epicgames.com, https://auth-api.artpipeline-dev.it.epicgames.com/widget/widgetJS.js)
([], --> , 403, = , battlebreakers-live-cdn-02.ol.epicgames.com, https://battlebreakers-live-cdn-02.ol.epicgames.com/widget/widgetJS.js)
([], --> , 403, = , battlebreakers-live-cdn.ol.epicgames.com, https://battlebreakers-live-cdn.ol.epicgames.com/widget/widgetJS.js)
([], --> , 403, = , bpt-rc.dev.epicgames.com, https://bpt-rc.dev.epicgames.com/widget/widgetJS.js)
([], --> , 403, = , bpt.dev.epicgames.com, https://bpt.dev.epicgames.com/widget/widgetJS.js)
([], --> , 403, = , cdn-0001.ci.qstv.on.epicgames.com, https://cdn-0001.ci.qstv.on.epicgames.com/widget/widgetJS.js)
([], --> , 403, = , cdn-0001.qstv.on.epicgames.com, https://cdn-0001.qstv.on.epicgames.com/widget/widgetJS.js)
([], --> , 403, = , cdn-dev.prm.ol.epicgames.com, https://cdn-dev.prm.ol.epicgames.com/widget/widgetJS.js)
([], --> , 403, = , cdn-live.prm.ol.epicgames.com, https://cdn-live.prm.ol.epicgames.com/widget/widgetJS.js)
([], --> , 403, = , cdn.prm.epicgames.com, https://cdn.prm.epicgames.com/widget/widgetJS.js)
([], --> , 403, = , cdn.unrealengine.com, https://cdn.unrealengine.com/widget/widgetJS.js)
([], --> , 403, = , cdn1-origin.unrealengine.com, https://cdn1-origin.unrealengine.com/widget/widgetJS.js)
([], --> , 403, = , cdn1.epicgames.com, https://cdn1.epicgames.com/widget/widgetJS.js)
([], --> , 403, = , cdn1.unrealengine.com, https://cdn1.unrealengine.com/widget/widgetJS.js)
([], --> , 403, = , cdn2-origin.unrealengine.com, https://cdn2-origin.unrealengine.com/widget/widgetJS.js)
([], --> , 403, = , cdn2.epicgames.com, https://cdn2.epicgames.com/widget/widgetJS.js)
([], --> , 403, = , cdn2.unrealengine.com, https://cdn2.unrealengine.com/widget/widgetJS.js)
([], --> , 403, = , cdn3.unrealengine.com, https://cdn3.unrealengine.com/widget/widgetJS.js)
([], --> , 403, = , connect.ol.epicgames.com, https://connect.ol.epicgames.com/widget/widgetJS.js)
([], --> , 403, = , cooked-content-gamedev-cdn.epicgames.com, https://cooked-content-gamedev-cdn.epicgames.com/widget/widgetJS.js)
([], --> , 403, = , cooked-content-live-cdn.epicgames.com, https://cooked-content-live-cdn.epicgames.com/widget/widgetJS.js)
([], --> , 403, = , cooked-content-prod-cdn.epicgames.com, https://cooked-content-prod-cdn.epicgames.com/widget/widgetJS.js)
([], --> , 403, = , create-epic-kitt-react.fnsocial.on.epicgames.com, https://create-epic-kitt-react.fnsocial.on.epicgames.com/widget/widgetJS.js)
([], --> , 403, = , dev-config-querier.infosec.on.epicgames.com, https://dev-config-querier.infosec.on.epicgames.com/widget/widgetJS.js)
([], --> , 403, = , docs.aabd.dev.use1a.on.epicgames.com, https://docs.aabd.dev.use1a.on.epicgames.com/widget/widgetJS.js)
([], --> , 403, = , download.epicgames.com, https://download.epicgames.com/widget/widgetJS.js)
([], --> , 403, = , download2.epicgames.com, https://download2.epicgames.com/widget/widgetJS.js)
([], --> , 403, = , download3.epicgames.com, https://download3.epicgames.com/widget/widgetJS.js)
([], --> , 403, = , download4.epicgames.com, https://download4.epicgames.com/widget/widgetJS.js)
([], --> , 403, = , egs-platform-service.store.epicgames.com, https://egs-platform-service.store.epicgames.com/widget/widgetJS.js)
([], --> , 403, = , eos-sdk.on.epicgames.com, https://eos-sdk.on.epicgames.com/widget/widgetJS.js)
([], --> , 403, = , epic-settings-ci-api-us-east-1.kws.ol.epicgames.com, https://epic-settings-ci-api-us-east-1.kws.ol.epicgames.com/widget/widgetJS.js)
([], --> , 403, = , epic-social-game-overlay-prod.ol.epicgames.com, https://epic-social-game-overlay-prod.ol.epicgames.com/widget/widgetJS.js)
([], --> , 403, = , epic-social-social-modules-prod.ol.epicgames.com, https://epic-social-social-modules-prod.ol.epicgames.com/widget/widgetJS.js)
([], --> , 403, = , fastly-download.epicgames.com, https://fastly-download.epicgames.com/widget/widgetJS.js)
([], --> , 403, = , fortnite-island-screenshots-live-cdn.ol.epicgames.com, https://fortnite-island-screenshots-live-cdn.ol.epicgames.com/widget/widgetJS.js)
([], --> , 403, = , hcaptcha-assets.ecosec.on.epicgames.com, https://hcaptcha-assets.ecosec.on.epicgames.com/widget/widgetJS.js)
([], --> , 403, = , hcaptcha-js.ecosec.on.epicgames.com, https://hcaptcha-js.ecosec.on.epicgames.com/widget/widgetJS.js)
([], --> , 403, = , installer.ega.ol.epicgames.com, https://installer.ega.ol.epicgames.com/widget/widgetJS.js)
([], --> , 403, = , ixm.substrate.on.epicgames.com, https://ixm.substrate.on.epicgames.com/widget/widgetJS.js)
([], --> , 403, = , koala-ci.fnsocial.on.epicgames.com, https://koala-ci.fnsocial.on.epicgames.com/widget/widgetJS.js)
([], --> , 403, = , launcher.store.epicgames.com, https://launcher.store.epicgames.com/widget/widgetJS.js)
([], --> , 403, = , licensee-mgmt-portal-okta.eut.it.epicgames.com, https://licensee-mgmt-portal-okta.eut.it.epicgames.com/widget/widgetJS.js)
([], --> , 403, = , licensee-mgmt-portal-okta.it-entapps-dev.epicgames.com, https://licensee-mgmt-portal-okta.it-entapps-dev.epicgames.com/widget/widgetJS.js)
([], --> , 403, = , licensee-mgmt-portal-okta.it.epicgames.com, https://licensee-mgmt-portal-okta.it.epicgames.com/widget/widgetJS.js)
([], --> , 403, = , licensee-mgmt-portal-okta.stage.it.epicgames.com, https://licensee-mgmt-portal-okta.stage.it.epicgames.com/widget/widgetJS.js)
([], --> , 403, = , livetraining.unrealengine.com, https://livetraining.unrealengine.com/widget/widgetJS.js)
([], --> , 403, = , maintenance.epicgames.com, https://maintenance.epicgames.com/widget/widgetJS.js)
([], --> , 403, = , media-cdn.epicgames.com, https://media-cdn.epicgames.com/widget/widgetJS.js)
([], --> , 403, = , modules-cdn.eac-prod.on.epicgames.com, https://modules-cdn.eac-prod.on.epicgames.com/widget/widgetJS.js)
([], --> , 403, = , platypus-ci.fnsocial.on.epicgames.com, https://platypus-ci.fnsocial.on.epicgames.com/widget/widgetJS.js)
([], --> , 403, = , prod-config-querier.infosec.on.epicgames.com, https://prod-config-querier.infosec.on.epicgames.com/widget/widgetJS.js)
([], --> , 403, = , resource-api-prod.artpipeline-dev.it.epicgames.com, https://resource-api-prod.artpipeline-dev.it.epicgames.com/widget/widgetJS.js)
([], --> , 403, = , safety.epicgames.com, https://safety.epicgames.com/widget/widgetJS.js)
([], --> , 403, = , social-overlay-launchdarkly-api-prod.ol.epicgames.com, https://social-overlay-launchdarkly-api-prod.ol.epicgames.com/widget/widgetJS.js)
([], --> , 403, = , social-overlay-token-exchange-api-prod.ol.epicgames.com, https://social-overlay-token-exchange-api-prod.ol.epicgames.com/widget/widgetJS.js)
([], --> , 403, = , static-assets-prod-origin.epicgames.com, https://static-assets-prod-origin.epicgames.com/widget/widgetJS.js)
([], --> , 403, = , static-assets-prod.epicgames.com, https://static-assets-prod.epicgames.com/widget/widgetJS.js)
([], --> , 403, = , static-assets-prod.unrealengine.com, https://static-assets-prod.unrealengine.com/widget/widgetJS.js)
([], --> , 403, = , static.dev-portal.on.epicgames.com, https://static.dev-portal.on.epicgames.com/widget/widgetJS.js)
([], --> , 403, = , store.epicgames.com, https://store.epicgames.com/widget/widgetJS.js)
([], --> , 403, = , tm.unrealengine.com, https://tm.unrealengine.com/widget/widgetJS.js)
([], --> , 403, = , wdps-okta.eut.it.epicgames.com, https://wdps-okta.eut.it.epicgames.com/widget/widgetJS.js)
([], --> , 403, = , weighted-epic-connect-manager-prod.ol.epicgames.com, https://weighted-epic-connect-manager-prod.ol.epicgames.com/widget/widgetJS.js)
([], --> , 404, = , acc-launcher-public-service-prod06.ol.epicgames.com, https://acc-launcher-public-service-prod06.ol.epicgames.com/widget/widgetJS.js)
([], --> , 404, = , account-public-service-prod-m.ol.epicgames.com, https://account-public-service-prod-m.ol.epicgames.com/widget/widgetJS.js)
([], --> , 404, = , account-public-service-prod.ak.epicgames.com, https://account-public-service-prod.ak.epicgames.com/widget/widgetJS.js)
([], --> , 404, = , account-public-service-prod.ol.epicgames.com, https://account-public-service-prod.ol.epicgames.com/widget/widgetJS.js)
([], --> , 404, = , account-public-service-prod03.ol.epicgames.com, https://account-public-service-prod03.ol.epicgames.com/widget/widgetJS.js)
([], --> , 404, = , affiliate-public-service-prod.ol.epicgames.com, https://affiliate-public-service-prod.ol.epicgames.com/widget/widgetJS.js)
([], --> , 404, = , api.qstv.on.epicgames.com, https://api.qstv.on.epicgames.com/widget/widgetJS.js)
([], --> , 404, = , artportal.epicgames.com, https://artportal.epicgames.com/widget/widgetJS.js)
([], --> , 404, = , avatar-service-prod.beea.live.use1a.on.epicgames.com, https://avatar-service-prod.beea.live.use1a.on.epicgames.com/widget/widgetJS.js)
([], --> , 404, = , avatar-service-prod.identity.live.on.epicgames.com, https://avatar-service-prod.identity.live.on.epicgames.com/widget/widgetJS.js)
([], --> , 404, = , brand.epicgames.com, https://brand.epicgames.com/widget/widgetJS.js)
([], --> , 404, = , caldera-service-prod.ecosec.on.epicgames.com, https://caldera-service-prod.ecosec.on.epicgames.com/widget/widgetJS.js)
([], --> , 404, = , careers.epicgames.com, https://careers.epicgames.com/widget/widgetJS.js)
([], --> , 404, = , catalog-public-service-prod-m.ol.epicgames.com, https://catalog-public-service-prod-m.ol.epicgames.com/widget/widgetJS.js)
([], --> , 404, = , catalog-public-service-prod.ak.epicgames.com, https://catalog-public-service-prod.ak.epicgames.com/widget/widgetJS.js)
([], --> , 404, = , catalog-public-service-prod.ol.epicgames.com, https://catalog-public-service-prod.ol.epicgames.com/widget/widgetJS.js)
([], --> , 404, = , catalog-public-service-prod06.ol.epicgames.com, https://catalog-public-service-prod06.ol.epicgames.com/widget/widgetJS.js)
([], --> , 404, = , cdn.marketing.on.epicgames.com, https://cdn.marketing.on.epicgames.com/widget/widgetJS.js)
([], --> , 404, = , coderedemption-public-service-prod-origin.ak.epicgames.com, https://coderedemption-public-service-prod-origin.ak.epicgames.com/widget/widgetJS.js)
([], --> , 404, = , coderedemption-public-service-prod.ol.epicgames.com, https://coderedemption-public-service-prod.ol.epicgames.com/widget/widgetJS.js)
([], --> , 404, = , content-service.bfda.live.use1a.on.epicgames.com, https://content-service.bfda.live.use1a.on.epicgames.com/widget/widgetJS.js)
([], --> , 404, = , content-service.live-testing.vk.on.epicgames.com, https://content-service.live-testing.vk.on.epicgames.com/widget/widgetJS.js)
([], --> , 404, = , content-service.live.vk.on.epicgames.com, https://content-service.live.vk.on.epicgames.com/widget/widgetJS.js)
([], --> , 404, = , dashboard.megastation.it.epicgames.com, https://dashboard.megastation.it.epicgames.com/widget/widgetJS.js)
([], --> , 404, = , data-asset-directory-public-service-prod.ak.epicgames.com, https://data-asset-directory-public-service-prod.ak.epicgames.com/widget/widgetJS.js)
([], --> , 404, = , data-asset-directory-public-service-prod.ol.epicgames.com, https://data-asset-directory-public-service-prod.ol.epicgames.com/widget/widgetJS.js)
([], --> , 404, = , data-asset-directory-public-service-stage.ol.epicgames.com, https://data-asset-directory-public-service-stage.ol.epicgames.com/widget/widgetJS.js)
([], --> , 404, = , datarouter-ext.ol.epicgames.com, https://datarouter-ext.ol.epicgames.com/widget/widgetJS.js)
([], --> , 404, = , datarouter-mobile.ol.epicgames.com, https://datarouter-mobile.ol.epicgames.com/widget/widgetJS.js)
([], --> , 404, = , datarouter-prod.ak.epicgames.com, https://datarouter-prod.ak.epicgames.com/widget/widgetJS.js)
([], --> , 404, = , datarouter-public-service-prod06.ol.epicgames.com, https://datarouter-public-service-prod06.ol.epicgames.com/widget/widgetJS.js)
([], --> , 404, = , datarouter-weighted.ol.epicgames.com, https://datarouter-weighted.ol.epicgames.com/widget/widgetJS.js)
([], --> , 404, = , datarouter.ol.epicgames.com, https://datarouter.ol.epicgames.com/widget/widgetJS.js)
([], --> , 404, = , datastorage-public-service-live.ol.epicgames.com, https://datastorage-public-service-live.ol.epicgames.com/widget/widgetJS.js)
([], --> , 404, = , datastorage-public-service-liveegs.live.use1a.on.epicgames.com, https://datastorage-public-service-liveegs.live.use1a.on.epicgames.com/widget/widgetJS.js)
([], --> , 404, = , datastorage-public-service-prod.ol.epicgames.com, https://datastorage-public-service-prod.ol.epicgames.com/widget/widgetJS.js)
([], --> , 404, = , dev.fcfd.live.use1a.on.epicgames.com, https://dev.fcfd.live.use1a.on.epicgames.com/widget/widgetJS.js)
([], --> , 404, = , dev.on.epicgames.com, https://dev.on.epicgames.com/widget/widgetJS.js)
([], --> , 404, = , developerprivacy-public-service-prod.ol.epicgames.com, https://developerprivacy-public-service-prod.ol.epicgames.com/widget/widgetJS.js)
([], --> , 404, = , developerprivacy-public-service-stage.ol.epicgames.com, https://developerprivacy-public-service-stage.ol.epicgames.com/widget/widgetJS.js)
([], --> , 404, = , docs.metahuman.unrealengine.com, https://docs.metahuman.unrealengine.com/widget/widgetJS.js)
([], --> , 404, = , docsv2-origin.unrealengine.com, https://docsv2-origin.unrealengine.com/widget/widgetJS.js)
([], --> , 404, = , ecommerceintegration-public-service-ecomprod02.ol.epicgames.com, https://ecommerceintegration-public-service-ecomprod02.ol.epicgames.com/widget/widgetJS.js)
([], --> , 404, = , eg.epicgames.com, https://eg.epicgames.com/widget/widgetJS.js)
([], --> , 404, = , eg.unrealengine.com, https://eg.unrealengine.com/widget/widgetJS.js)
([], --> , 404, = , egp-idsoc-proxy-prod.ol.epicgames.com, https://egp-idsoc-proxy-prod.ol.epicgames.com/widget/widgetJS.js)
([], --> , 404, = , egpi-filter-dev.ecosec.on.epicgames.com, https://egpi-filter-dev.ecosec.on.epicgames.com/widget/widgetJS.js)
([], --> , 404, = , egpi-filter-prod.ecosec.on.epicgames.com, https://egpi-filter-prod.ecosec.on.epicgames.com/widget/widgetJS.js)
([], --> , 404, = , entitlement-public-service-prod.ak.epicgames.com, https://entitlement-public-service-prod.ak.epicgames.com/widget/widgetJS.js)
([], --> , 404, = , entitlement-public-service-prod08.ol.epicgames.com, https://entitlement-public-service-prod08.ol.epicgames.com/widget/widgetJS.js)
([], --> , 404, = , eos-gateway-ingressv2-prod-c1-w1.befa.live.use1a.on.epicgames.com, https://eos-gateway-ingressv2-prod-c1-w1.befa.live.use1a.on.epicgames.com/widget/widgetJS.js)
([], --> , 404, = , eos-gateway-ingressv2-prod-c1-w2.befa.live.use1a.on.epicgames.com, https://eos-gateway-ingressv2-prod-c1-w2.befa.live.use1a.on.epicgames.com/widget/widgetJS.js)
([], --> , 404, = , eos-gateway-ingressv2-prod-c1-w3.befa.live.use1a.on.epicgames.com, https://eos-gateway-ingressv2-prod-c1-w3.befa.live.use1a.on.epicgames.com/widget/widgetJS.js)
([], --> , 404, = , eos-gateway-ingressv2-prod-c1-w4.befa.live.use1a.on.epicgames.com, https://eos-gateway-ingressv2-prod-c1-w4.befa.live.use1a.on.epicgames.com/widget/widgetJS.js)
([], --> , 404, = , eos-gateway-ingressv2-prod-c1-w5.befa.live.use1a.on.epicgames.com, https://eos-gateway-ingressv2-prod-c1-w5.befa.live.use1a.on.epicgames.com/widget/widgetJS.js)
([], --> , 404, = , eos-gateway-ingressv2-prod-c2-w1.befa.live.use1a.on.epicgames.com, https://eos-gateway-ingressv2-prod-c2-w1.befa.live.use1a.on.epicgames.com/widget/widgetJS.js)
([], --> , 404, = , eos-gateway-ingressv2-prod-c2-w2.befa.live.use1a.on.epicgames.com, https://eos-gateway-ingressv2-prod-c2-w2.befa.live.use1a.on.epicgames.com/widget/widgetJS.js)
([], --> , 404, = , eos-gateway-ingressv2-prod-c2-w3.befa.live.use1a.on.epicgames.com, https://eos-gateway-ingressv2-prod-c2-w3.befa.live.use1a.on.epicgames.com/widget/widgetJS.js)
([], --> , 404, = , eos-gateway-ingressv2-prod-c2-w4.befa.live.use1a.on.epicgames.com, https://eos-gateway-ingressv2-prod-c2-w4.befa.live.use1a.on.epicgames.com/widget/widgetJS.js)
([], --> , 404, = , eos-gateway-ingressv2-prod-c2-w5.befa.live.use1a.on.epicgames.com, https://eos-gateway-ingressv2-prod-c2-w5.befa.live.use1a.on.epicgames.com/widget/widgetJS.js)
([], --> , 404, = , eos-gateway-ingressv2-prod-c3-w1.befa.live.use1a.on.epicgames.com, https://eos-gateway-ingressv2-prod-c3-w1.befa.live.use1a.on.epicgames.com/widget/widgetJS.js)
([], --> , 404, = , eos-gateway-ingressv2-prod-c3-w2.befa.live.use1a.on.epicgames.com, https://eos-gateway-ingressv2-prod-c3-w2.befa.live.use1a.on.epicgames.com/widget/widgetJS.js)
([], --> , 404, = , eos-gateway-ingressv2-prod-c3-w3.befa.live.use1a.on.epicgames.com, https://eos-gateway-ingressv2-prod-c3-w3.befa.live.use1a.on.epicgames.com/widget/widgetJS.js)
([], --> , 404, = , eos-gateway-ingressv2-prod-c3-w5.befa.live.use1a.on.epicgames.com, https://eos-gateway-ingressv2-prod-c3-w5.befa.live.use1a.on.epicgames.com/widget/widgetJS.js)
([], --> , 404, = , eos-service-datastorage-liveegs-public.befa.live.use1a.on.epicgames.com, https://eos-service-datastorage-liveegs-public.befa.live.use1a.on.epicgames.com/widget/widgetJS.js)
([], --> , 404, = , eulatracking-public-service-prod-m.ol.epicgames.com, https://eulatracking-public-service-prod-m.ol.epicgames.com/widget/widgetJS.js)
([], --> , 404, = , eulatracking-public-service-prod.ak.epicgames.com, https://eulatracking-public-service-prod.ak.epicgames.com/widget/widgetJS.js)
([], --> , 404, = , eulatracking-public-service-prod.ol.epicgames.com, https://eulatracking-public-service-prod.ol.epicgames.com/widget/widgetJS.js)
([], --> , 404, = , eulatracking-public-service-prod06.ol.epicgames.com, https://eulatracking-public-service-prod06.ol.epicgames.com/widget/widgetJS.js)
([], --> , 404, = , events-public-service-live.ol.epicgames.com, https://events-public-service-live.ol.epicgames.com/widget/widgetJS.js)
([], --> , 404, = , flexera-public-us-east-1.it.epicgames.com, https://flexera-public-us-east-1.it.epicgames.com/widget/widgetJS.js)
([], --> , 404, = , fn-service-datastorage-live-public.eeef.live.use1a.on.epicgames.com, https://fn-service-datastorage-live-public.eeef.live.use1a.on.epicgames.com/widget/widgetJS.js)
([], --> , 404, = , fn-service-datastorage-prod-public.dcaf.dev.use1a.on.epicgames.com, https://fn-service-datastorage-prod-public.dcaf.dev.use1a.on.epicgames.com/widget/widgetJS.js)
([], --> , 404, = , fn-service-discovery-live-public.ogs.live.on.epicgames.com, https://fn-service-discovery-live-public.ogs.live.on.epicgames.com/widget/widgetJS.js)
([], --> , 404, = , fn-service-discovery-stage-public.ogs.dev.on.epicgames.com, https://fn-service-discovery-stage-public.ogs.dev.on.epicgames.com/widget/widgetJS.js)
([], --> , 404, = , fn-service-inventory-stage-public.eeef.live.use1a.on.epicgames.com, https://fn-service-inventory-stage-public.eeef.live.use1a.on.epicgames.com/widget/widgetJS.js)
([], --> , 404, = , fngw-mcp-ds-bacchusplaytest-prod.ol.epicgames.com, https://fngw-mcp-ds-bacchusplaytest-prod.ol.epicgames.com/widget/widgetJS.js)
([], --> , 404, = , fngw-mcp-ds-devplaytestr-prod.ol.epicgames.com, https://fngw-mcp-ds-devplaytestr-prod.ol.epicgames.com/widget/widgetJS.js)
([], --> , 404, = , fngw-mcp-ds-mojodaily-prod.ol.epicgames.com, https://fngw-mcp-ds-mojodaily-prod.ol.epicgames.com/widget/widgetJS.js)
([], --> , 404, = , fngw-mcp-ds-predeploya-prod.ol.epicgames.com, https://fngw-mcp-ds-predeploya-prod.ol.epicgames.com/widget/widgetJS.js)
([], --> , 404, = , fngw-mcp-ds-preview-prod.ol.epicgames.com, https://fngw-mcp-ds-preview-prod.ol.epicgames.com/widget/widgetJS.js)
([], --> , 404, = , fngw-mcp-gc-bluedailymaintesting-prod.ol.epicgames.com, https://fngw-mcp-gc-bluedailymaintesting-prod.ol.epicgames.com/widget/widgetJS.js)
([], --> , 404, = , fngw-mcp-gc-devplayteste-prod.ol.epicgames.com, https://fngw-mcp-gc-devplayteste-prod.ol.epicgames.com/widget/widgetJS.js)
([], --> , 404, = , fngw-mcp-gc-devplaytestp-prod.ol.epicgames.com, https://fngw-mcp-gc-devplaytestp-prod.ol.epicgames.com/widget/widgetJS.js)
([], --> , 404, = , fngw-mcp-gc-devplaytestq-prod.ol.epicgames.com, https://fngw-mcp-gc-devplaytestq-prod.ol.epicgames.com/widget/widgetJS.js)
([], --> , 404, = , fngw-mcp-gc-extqareleasetesting-prod.ol.epicgames.com, https://fngw-mcp-gc-extqareleasetesting-prod.ol.epicgames.com/widget/widgetJS.js)
([], --> , 404, = , fngw-mcp-gc-releaseplaytestb-prod.ol.epicgames.com, https://fngw-mcp-gc-releaseplaytestb-prod.ol.epicgames.com/widget/widgetJS.js)
([], --> , 404, = , fortnite-public-service-astro-prod.ol.epicgames.com, https://fortnite-public-service-astro-prod.ol.epicgames.com/widget/widgetJS.js)
([], --> , 404, = , fortnite-public-service-bacchusplaytest-prod.ol.epicgames.com, https://fortnite-public-service-bacchusplaytest-prod.ol.epicgames.com/widget/widgetJS.js)
([], --> , 404, = , fortnite-public-service-batsickle-prod.ol.epicgames.com, https://fortnite-public-service-batsickle-prod.ol.epicgames.com/widget/widgetJS.js)
([], --> , 404, = , fortnite-public-service-bluedailymaintesting-prod.ol.epicgames.com, https://fortnite-public-service-bluedailymaintesting-prod.ol.epicgames.com/widget/widgetJS.js)
([], --> , 404, = , fortnite-public-service-blueextqadevtesting-prod.ol.epicgames.com, https://fortnite-public-service-blueextqadevtesting-prod.ol.epicgames.com/widget/widgetJS.js)
([], --> , 404, = , fortnite-public-service-brawler-prod.ol.epicgames.com, https://fortnite-public-service-brawler-prod.ol.epicgames.com/widget/widgetJS.js)
([], --> , 404, = , fortnite-public-service-bubbles-prod.ol.epicgames.com, https://fortnite-public-service-bubbles-prod.ol.epicgames.com/widget/widgetJS.js)
([], --> , 404, = , fortnite-public-service-buckler-prod.ol.epicgames.com, https://fortnite-public-service-buckler-prod.ol.epicgames.com/widget/widgetJS.js)
([], --> , 404, = , fortnite-public-service-carbon-prod.ol.epicgames.com, https://fortnite-public-service-carbon-prod.ol.epicgames.com/widget/widgetJS.js)
([], --> , 404, = , fortnite-public-service-certstagec-stage.ol.epicgames.com, https://fortnite-public-service-certstagec-stage.ol.epicgames.com/widget/widgetJS.js)
([], --> , 404, = , fortnite-public-service-checker-prod.ol.epicgames.com, https://fortnite-public-service-checker-prod.ol.epicgames.com/widget/widgetJS.js)
([], --> , 404, = , fortnite-public-service-dailymain-prod.ol.epicgames.com, https://fortnite-public-service-dailymain-prod.ol.epicgames.com/widget/widgetJS.js)
([], --> , 404, = , fortnite-public-service-dailyreleasea-prod.ol.epicgames.com, https://fortnite-public-service-dailyreleasea-prod.ol.epicgames.com/widget/widgetJS.js)
([], --> , 404, = , fortnite-public-service-dailyreleaseb-prod.ol.epicgames.com, https://fortnite-public-service-dailyreleaseb-prod.ol.epicgames.com/widget/widgetJS.js)
([], --> , 404, = , fortnite-public-service-devplaytest-prod12.ol.epicgames.com, https://fortnite-public-service-devplaytest-prod12.ol.epicgames.com/widget/widgetJS.js)
([], --> , 404, = , fortnite-public-service-devplaytestb-prod.ol.epicgames.com, https://fortnite-public-service-devplaytestb-prod.ol.epicgames.com/widget/widgetJS.js)
([], --> , 404, = , fortnite-public-service-devplayteste-prod.ol.epicgames.com, https://fortnite-public-service-devplayteste-prod.ol.epicgames.com/widget/widgetJS.js)
([], --> , 404, = , fortnite-public-service-devplaytestg-prod.ol.epicgames.com, https://fortnite-public-service-devplaytestg-prod.ol.epicgames.com/widget/widgetJS.js)
([], --> , 404, = , fortnite-public-service-devplaytesth-prod.ol.epicgames.com, https://fortnite-public-service-devplaytesth-prod.ol.epicgames.com/widget/widgetJS.js)
([], --> , 404, = , fortnite-public-service-devplaytesti-prod.ol.epicgames.com, https://fortnite-public-service-devplaytesti-prod.ol.epicgames.com/widget/widgetJS.js)
([], --> , 404, = , fortnite-public-service-devplaytestj-prod.ol.epicgames.com, https://fortnite-public-service-devplaytestj-prod.ol.epicgames.com/widget/widgetJS.js)
([], --> , 404, = , fortnite-public-service-devplaytestm-prod.ol.epicgames.com, https://fortnite-public-service-devplaytestm-prod.ol.epicgames.com/widget/widgetJS.js)
([], --> , 404, = , fortnite-public-service-devplaytestn-prod.ol.epicgames.com, https://fortnite-public-service-devplaytestn-prod.ol.epicgames.com/widget/widgetJS.js)
([], --> , 404, = , fortnite-public-service-devplaytesto-prod.ol.epicgames.com, https://fortnite-public-service-devplaytesto-prod.ol.epicgames.com/widget/widgetJS.js)
([], --> , 404, = , fortnite-public-service-devplaytestp-prod.ol.epicgames.com, https://fortnite-public-service-devplaytestp-prod.ol.epicgames.com/widget/widgetJS.js)
([], --> , 404, = , fortnite-public-service-devplaytestq-prod.ol.epicgames.com, https://fortnite-public-service-devplaytestq-prod.ol.epicgames.com/widget/widgetJS.js)
([], --> , 404, = , fortnite-public-service-devplaytestr-prod.ol.epicgames.com, https://fortnite-public-service-devplaytestr-prod.ol.epicgames.com/widget/widgetJS.js)
([], --> , 404, = , fortnite-public-service-devplaytests-prod.ol.epicgames.com, https://fortnite-public-service-devplaytests-prod.ol.epicgames.com/widget/widgetJS.js)
([], --> , 404, = , fortnite-public-service-devplaytestt-prod.ol.epicgames.com, https://fortnite-public-service-devplaytestt-prod.ol.epicgames.com/widget/widgetJS.js)
([], --> , 404, = , fortnite-public-service-devplaytestv-prod.ol.epicgames.com, https://fortnite-public-service-devplaytestv-prod.ol.epicgames.com/widget/widgetJS.js)
([], --> , 404, = , fortnite-public-service-devplaytestw-prod.ol.epicgames.com, https://fortnite-public-service-devplaytestw-prod.ol.epicgames.com/widget/widgetJS.js)
([], --> , 404, = , fortnite-public-service-devplaytestx-prod.ol.epicgames.com, https://fortnite-public-service-devplaytestx-prod.ol.epicgames.com/widget/widgetJS.js)
([], --> , 404, = , fortnite-public-service-devplaytesty-prod.ol.epicgames.com, https://fortnite-public-service-devplaytesty-prod.ol.epicgames.com/widget/widgetJS.js)
([], --> , 404, = , fortnite-public-service-devplaytestz-prod.ol.epicgames.com, https://fortnite-public-service-devplaytestz-prod.ol.epicgames.com/widget/widgetJS.js)
([], --> , 404, = , fortnite-public-service-extqadevtesting-prod.ol.epicgames.com, https://fortnite-public-service-extqadevtesting-prod.ol.epicgames.com/widget/widgetJS.js)
([], --> , 404, = , fortnite-public-service-extqareleasetesting-prod.ol.epicgames.com, https://fortnite-public-service-extqareleasetesting-prod.ol.epicgames.com/widget/widgetJS.js)
([], --> , 404, = , fortnite-public-service-extqareleasetestingb-prod.ol.epicgames.com, https://fortnite-public-service-extqareleasetestingb-prod.ol.epicgames.com/widget/widgetJS.js)
([], --> , 404, = , fortnite-public-service-extqauetestingb-prod.ol.epicgames.com, https://fortnite-public-service-extqauetestingb-prod.ol.epicgames.com/widget/widgetJS.js)
([], --> , 404, = , fortnite-public-service-floss-prod.ol.epicgames.com, https://fortnite-public-service-floss-prod.ol.epicgames.com/widget/widgetJS.js)
([], --> , 404, = , fortnite-public-service-livebroadcasting-prod.ol.epicgames.com, https://fortnite-public-service-livebroadcasting-prod.ol.epicgames.com/widget/widgetJS.js)
([], --> , 404, = , fortnite-public-service-livetesting-prod.ol.epicgames.com, https://fortnite-public-service-livetesting-prod.ol.epicgames.com/widget/widgetJS.js)
([], --> , 404, = , fortnite-public-service-loctesting-prod.ol.epicgames.com, https://fortnite-public-service-loctesting-prod.ol.epicgames.com/widget/widgetJS.js)
([], --> , 404, = , fortnite-public-service-loctesting-prod12.ol.epicgames.com, https://fortnite-public-service-loctesting-prod12.ol.epicgames.com/widget/widgetJS.js)
([], --> , 404, = , fortnite-public-service-nscert-stage.ol.epicgames.com, https://fortnite-public-service-nscert-stage.ol.epicgames.com/widget/widgetJS.js)
([], --> , 404, = , fortnite-public-service-partners-prod.ol.epicgames.com, https://fortnite-public-service-partners-prod.ol.epicgames.com/widget/widgetJS.js)
([], --> , 404, = , fortnite-public-service-predeploya-prod.ol.epicgames.com, https://fortnite-public-service-predeploya-prod.ol.epicgames.com/widget/widgetJS.js)
([], --> , 404, = , fortnite-public-service-predeployb-prod.ol.epicgames.com, https://fortnite-public-service-predeployb-prod.ol.epicgames.com/widget/widgetJS.js)
([], --> , 404, = , fortnite-public-service-prod-live-02.ol.epicgames.com, https://fortnite-public-service-prod-live-02.ol.epicgames.com/widget/widgetJS.js)
([], --> , 404, = , fortnite-public-service-prod-live-05.ol.epicgames.com, https://fortnite-public-service-prod-live-05.ol.epicgames.com/widget/widgetJS.js)
([], --> , 404, = , fortnite-public-service-prod.ak.epicgames.com, https://fortnite-public-service-prod.ak.epicgames.com/widget/widgetJS.js)
([], --> , 404, = , fortnite-public-service-prod11.ol.epicgames.com, https://fortnite-public-service-prod11.ol.epicgames.com/widget/widgetJS.js)
([], --> , 404, = , fortnite-public-service-reddailymaintesting-prod.ol.epicgames.com, https://fortnite-public-service-reddailymaintesting-prod.ol.epicgames.com/widget/widgetJS.js)
([], --> , 404, = , fortnite-public-service-redextqadevtesting-prod.ol.epicgames.com, https://fortnite-public-service-redextqadevtesting-prod.ol.epicgames.com/widget/widgetJS.js)
([], --> , 404, = , fortnite-public-service-releaseplaytest-prod.ol.epicgames.com, https://fortnite-public-service-releaseplaytest-prod.ol.epicgames.com/widget/widgetJS.js)
([], --> , 404, = , fortnite-public-service-releaseplaytestb-prod.ol.epicgames.com, https://fortnite-public-service-releaseplaytestb-prod.ol.epicgames.com/widget/widgetJS.js)
([], --> , 404, = , fortnite-public-service-stage.ol.epicgames.com, https://fortnite-public-service-stage.ol.epicgames.com/widget/widgetJS.js)
([], --> , 404, = , fortnitewaitingroom-public-service-prod-m.ol.epicgames.com, https://fortnitewaitingroom-public-service-prod-m.ol.epicgames.com/widget/widgetJS.js)
([], --> , 404, = , fortnitewaitingroom-public-service-prod.ol.epicgames.com, https://fortnitewaitingroom-public-service-prod.ol.epicgames.com/widget/widgetJS.js)
([], --> , 404, = , forums.epicgames.com, https://forums.epicgames.com/widget/widgetJS.js)
([], --> , 404, = , forums.unrealengine.com, https://forums.unrealengine.com/widget/widgetJS.js)
([], --> , 404, = , friends-public-service-prod.ol.epicgames.com, https://friends-public-service-prod.ol.epicgames.com/widget/widgetJS.js)
([], --> , 404, = , friends-public-service-prod06.ol.epicgames.com, https://friends-public-service-prod06.ol.epicgames.com/widget/widgetJS.js)
([], --> , 404, = , geofeed.coreinfra.it.epicgames.com, https://geofeed.coreinfra.it.epicgames.com/widget/widgetJS.js)
([], --> , 404, = , geofeed.it.epicgames.com, https://geofeed.it.epicgames.com/widget/widgetJS.js)
([], --> , 404, = , global-postparty.game-social.epicgames.com, https://global-postparty.game-social.epicgames.com/widget/widgetJS.js)
([], --> , 404, = , global-profile-service.game-social.epicgames.com, https://global-profile-service.game-social.epicgames.com/widget/widgetJS.js)
([], --> , 404, = , graphql.epicgames.com, https://graphql.epicgames.com/widget/widgetJS.js)
([], --> , 404, = , graphql.unrealengine.com, https://graphql.unrealengine.com/widget/widgetJS.js)
([], --> , 404, = , hcaptcha-imgs.ecosec.on.epicgames.com, https://hcaptcha-imgs.ecosec.on.epicgames.com/widget/widgetJS.js)
([], --> , 404, = , hcaptcha-reportapi.ecosec.on.epicgames.com, https://hcaptcha-reportapi.ecosec.on.epicgames.com/widget/widgetJS.js)
([], --> , 404, = , ingest.hostman.livefn.adad.live.use1a.on.epicgames.com, https://ingest.hostman.livefn.adad.live.use1a.on.epicgames.com/widget/widgetJS.js)
([], --> , 404, = , ingest.hostman.stage.adda.dev.use1a.on.epicgames.com, https://ingest.hostman.stage.adda.dev.use1a.on.epicgames.com/widget/widgetJS.js)
([], --> , 404, = , interactions-prod.ccec.live.use1a.on.epicgames.com, https://interactions-prod.ccec.live.use1a.on.epicgames.com/widget/widgetJS.js)
([], --> , 404, = , interactions-service-prod.ol.epicgames.com, https://interactions-service-prod.ol.epicgames.com/widget/widgetJS.js)
([], --> , 404, = , interactions-stage.social.dev.on.epicgames.com, https://interactions-stage.social.dev.on.epicgames.com/widget/widgetJS.js)
([], --> , 404, = , inventory-public-service-liveeos.ol.epicgames.com, https://inventory-public-service-liveeos.ol.epicgames.com/widget/widgetJS.js)
([], --> , 404, = , ip-data-provider-service-prod.ol.epicgames.com, https://ip-data-provider-service-prod.ol.epicgames.com/widget/widgetJS.js)
([], --> , 404, = , ip-data-service-prod.ak.epicgames.com, https://ip-data-service-prod.ak.epicgames.com/widget/widgetJS.js)
([], --> , 404, = , ip-data-service-prod.ol.epicgames.com, https://ip-data-service-prod.ol.epicgames.com/widget/widgetJS.js)
([], --> , 404, = , issues.unrealengine.com, https://issues.unrealengine.com/widget/widgetJS.js)
([], --> , 404, = , jupiter.2021-2.eu-central-1.devtools.epicgames.com, https://jupiter.2021-2.eu-central-1.devtools.epicgames.com/widget/widgetJS.js)
([], --> , 404, = , jupiter.2021-2.us-east-1.devtools.epicgames.com, https://jupiter.2021-2.us-east-1.devtools.epicgames.com/widget/widgetJS.js)
([], --> , 404, = , jupiter.devtools-dev.epicgames.com, https://jupiter.devtools-dev.epicgames.com/widget/widgetJS.js)
([], --> , 404, = , jupiter.devtools.epicgames.com, https://jupiter.devtools.epicgames.com/widget/widgetJS.js)
([], --> , 404, = , launcher-public-service-prod-ak.beee.live.use1a.on.epicgames.com, https://launcher-public-service-prod-ak.beee.live.use1a.on.epicgames.com/widget/widgetJS.js)
([], --> , 404, = , launcher-public-service-prod-m.ol.epicgames.com, https://launcher-public-service-prod-m.ol.epicgames.com/widget/widgetJS.js)
([], --> , 404, = , launcher-public-service-prod-origin.ak.epicgames.com, https://launcher-public-service-prod-origin.ak.epicgames.com/widget/widgetJS.js)
([], --> , 404, = , launcher-public-service-prod.ak.epicgames.com, https://launcher-public-service-prod.ak.epicgames.com/widget/widgetJS.js)
([], --> , 404, = , launcher-public-service-prod.beee.live.use1a.on.epicgames.com, https://launcher-public-service-prod.beee.live.use1a.on.epicgames.com/widget/widgetJS.js)
([], --> , 404, = , launcher-public-service-prod06.ol.epicgames.com, https://launcher-public-service-prod06.ol.epicgames.com/widget/widgetJS.js)
([], --> , 404, = , launcher-service-prod06.ol.epicgames.com, https://launcher-service-prod06.ol.epicgames.com/widget/widgetJS.js)
([], --> , 404, = , launcherwaitingroom-public-service-prod.ak.epicgames.com, https://launcherwaitingroom-public-service-prod.ak.epicgames.com/widget/widgetJS.js)
([], --> , 404, = , launcherwaitingroom-public-service-prod06.ol.epicgames.com, https://launcherwaitingroom-public-service-prod06.ol.epicgames.com/widget/widgetJS.js)
([], --> , 404, = , lcdn-usw2-0001.dev.qstv.on.epicgames.com, https://lcdn-usw2-0001.dev.qstv.on.epicgames.com/widget/widgetJS.js)
([], --> , 404, = , lcdn-usw2-0001.qstv.on.epicgames.com, https://lcdn-usw2-0001.qstv.on.epicgames.com/widget/widgetJS.js)
([], --> , 404, = , lfg-service-prod.ccec.live.use1a.on.epicgames.com, https://lfg-service-prod.ccec.live.use1a.on.epicgames.com/widget/widgetJS.js)
([], --> , 404, = , library-service.beee.live.use1a.on.epicgames.com, https://library-service.beee.live.use1a.on.epicgames.com/widget/widgetJS.js)
([], --> , 404, = , library-service.live.use1a.on.epicgames.com, https://library-service.live.use1a.on.epicgames.com/widget/widgetJS.js)
([], --> , 404, = , lightswitch-public-service-prod.ol.epicgames.com, https://lightswitch-public-service-prod.ol.epicgames.com/widget/widgetJS.js)
([], --> , 404, = , lightswitch-public-service-prod06.ol.epicgames.com, https://lightswitch-public-service-prod06.ol.epicgames.com/widget/widgetJS.js)
([], --> , 404, = , links-public-service-live.ol.epicgames.com, https://links-public-service-live.ol.epicgames.com/widget/widgetJS.js)
([], --> , 404, = , links-public-service-prod.ol.epicgames.com, https://links-public-service-prod.ol.epicgames.com/widget/widgetJS.js)
([], --> , 404, = , links-public-service-stage.ol.epicgames.com, https://links-public-service-stage.ol.epicgames.com/widget/widgetJS.js)
([], --> , 404, = , login-academy.unrealengine.com, https://login-academy.unrealengine.com/widget/widgetJS.js)
([], --> , 404, = , login-mediaspace.unrealengine.com, https://login-mediaspace.unrealengine.com/widget/widgetJS.js)
([], --> , 404, = , mantis-service-dev.ecbc.live.use1a.on.epicgames.com, https://mantis-service-dev.ecbc.live.use1a.on.epicgames.com/widget/widgetJS.js)
([], --> , 404, = , mantis-service-prod.ecbc.live.use1a.on.epicgames.com, https://mantis-service-prod.ecbc.live.use1a.on.epicgames.com/widget/widgetJS.js)
([], --> , 404, = , mediaspace.unrealengine.com, https://mediaspace.unrealengine.com/widget/widgetJS.js)
([], --> , 404, = , mesh-public-service-live.ol.epicgames.com, https://mesh-public-service-live.ol.epicgames.com/widget/widgetJS.js)
([], --> , 404, = , mesh-public-service-loadtest.ol.epicgames.com, https://mesh-public-service-loadtest.ol.epicgames.com/widget/widgetJS.js)
([], --> , 404, = , mesh-public-service-prod.ol.epicgames.com, https://mesh-public-service-prod.ol.epicgames.com/widget/widgetJS.js)
([], --> , 404, = , mesh-public-service-stage.ol.epicgames.com, https://mesh-public-service-stage.ol.epicgames.com/widget/widgetJS.js)
([], --> , 404, = , metahuman-ars.ucs.on.epicgames.com, https://metahuman-ars.ucs.on.epicgames.com/widget/widgetJS.js)
([], --> , 404, = , metrics.ol.epicgames.com, https://metrics.ol.epicgames.com/widget/widgetJS.js)
([], --> , 404, = , mw-greenhouse-service-prod.debc.live.use1a.on.epicgames.com, https://mw-greenhouse-service-prod.debc.live.use1a.on.epicgames.com/widget/widgetJS.js)
([], --> , 404, = , nelly-service-prod-akamai.ecosec.on.epicgames.com, https://nelly-service-prod-akamai.ecosec.on.epicgames.com/widget/widgetJS.js)
([], --> , 404, = , nelly-service-prod-cloudflare.ecosec.on.epicgames.com, https://nelly-service-prod-cloudflare.ecosec.on.epicgames.com/widget/widgetJS.js)
([], --> , 404, = , nelly-service-prod-cloudfront.ecosec.on.epicgames.com, https://nelly-service-prod-cloudfront.ecosec.on.epicgames.com/widget/widgetJS.js)
([], --> , 404, = , nelly-service-prod-fastly.ecosec.on.epicgames.com, https://nelly-service-prod-fastly.ecosec.on.epicgames.com/widget/widgetJS.js)
([], --> , 404, = , nelly-service-prod.ecbc.live.use1a.on.epicgames.com, https://nelly-service-prod.ecbc.live.use1a.on.epicgames.com/widget/widgetJS.js)
([], --> , 404, = , notifications-service-prod06.ol.epicgames.com, https://notifications-service-prod06.ol.epicgames.com/widget/widgetJS.js)
([], --> , 404, = , notifications-service-prod12lt.ol.epicgames.com, https://notifications-service-prod12lt.ol.epicgames.com/widget/widgetJS.js)
([], --> , 404, = , notifications-service-prod12test.ol.epicgames.com, https://notifications-service-prod12test.ol.epicgames.com/widget/widgetJS.js)
([], --> , 404, = , oak-public-service-prod.ol.epicgames.com, https://oak-public-service-prod.ol.epicgames.com/widget/widgetJS.js)
([], --> , 404, = , orderprocessor-public-service-ecomprod01.ol.epicgames.com, https://orderprocessor-public-service-ecomprod01.ol.epicgames.com/widget/widgetJS.js)
([], --> , 404, = , partner-assessment.unrealengine.com, https://partner-assessment.unrealengine.com/widget/widgetJS.js)
([], --> , 404, = , party-service-prod-shard-2.ccec.live.use1a.on.epicgames.com, https://party-service-prod-shard-2.ccec.live.use1a.on.epicgames.com/widget/widgetJS.js)
([], --> , 404, = , party-service-prod.ol.epicgames.com, https://party-service-prod.ol.epicgames.com/widget/widgetJS.js)
([], --> , 404, = , party-service-prod.social.live.on.epicgames.com, https://party-service-prod.social.live.on.epicgames.com/widget/widgetJS.js)
([], --> , 404, = , payment-stage.ol.epicgames.com, https://payment-stage.ol.epicgames.com/widget/widgetJS.js)
([], --> , 404, = , payment-website-pci.ol.epicgames.com, https://payment-website-pci.ol.epicgames.com/widget/widgetJS.js)
([], --> , 404, = , persona-public-service-prod06.ol.epicgames.com, https://persona-public-service-prod06.ol.epicgames.com/widget/widgetJS.js)
([], --> , 404, = , playtest-bot.eut.it.epicgames.com, https://playtest-bot.eut.it.epicgames.com/widget/widgetJS.js)
([], --> , 404, = , presence-public-service-prod.ccec.live.use1a.on.epicgames.com, https://presence-public-service-prod.ccec.live.use1a.on.epicgames.com/widget/widgetJS.js)
([], --> , 404, = , presence-public-service-prod.ol.epicgames.com, https://presence-public-service-prod.ol.epicgames.com/widget/widgetJS.js)
([], --> , 404, = , priceengine-public-service-ecomprod01.ol.epicgames.com, https://priceengine-public-service-ecomprod01.ol.epicgames.com/widget/widgetJS.js)
([], --> , 404, = , priceengine-public-service-prod.ak.epicgames.com, https://priceengine-public-service-prod.ak.epicgames.com/widget/widgetJS.js)
([], --> , 404, = , prm-dialogue-public-api-prod.ak.epicgames.com, https://prm-dialogue-public-api-prod.ak.epicgames.com/widget/widgetJS.js)
([], --> , 404, = , prm-dialogue-public-api-prod.edea.live.use1a.on.epicgames.com, https://prm-dialogue-public-api-prod.edea.live.use1a.on.epicgames.com/widget/widgetJS.js)
([], --> , 404, = , publickey-service-prod.ecbc.live.use1a.on.epicgames.com, https://publickey-service-prod.ecbc.live.use1a.on.epicgames.com/widget/widgetJS.js)
([], --> , 404, = , rtcp-test-ms-mock.dev.rtcp.on.epicgames.com, https://rtcp-test-ms-mock.dev.rtcp.on.epicgames.com/widget/widgetJS.js)
([], --> , 404, = , rtcp-test-signaling-mock.dev.rtcp.on.epicgames.com, https://rtcp-test-signaling-mock.dev.rtcp.on.epicgames.com/widget/widgetJS.js)
([], --> , 404, = , shared-static-prod.epicgames.com, https://shared-static-prod.epicgames.com/widget/widgetJS.js)
([], --> , 404, = , signaling-service-prod.ape1.live.rtcp.on.epicgames.com, https://signaling-service-prod.ape1.live.rtcp.on.epicgames.com/widget/widgetJS.js)
([], --> , 404, = , signaling-service-prod.apne1.live.rtcp.on.epicgames.com, https://signaling-service-prod.apne1.live.rtcp.on.epicgames.com/widget/widgetJS.js)
([], --> , 404, = , signaling-service-prod.apne2.live.rtcp.on.epicgames.com, https://signaling-service-prod.apne2.live.rtcp.on.epicgames.com/widget/widgetJS.js)
([], --> , 404, = , signaling-service-prod.apse1.live.rtcp.on.epicgames.com, https://signaling-service-prod.apse1.live.rtcp.on.epicgames.com/widget/widgetJS.js)
([], --> , 404, = , signaling-service-prod.euc1.live.rtcp.on.epicgames.com, https://signaling-service-prod.euc1.live.rtcp.on.epicgames.com/widget/widgetJS.js)
([], --> , 404, = , signaling-service-prod.eun1.live.rtcp.on.epicgames.com, https://signaling-service-prod.eun1.live.rtcp.on.epicgames.com/widget/widgetJS.js)
([], --> , 404, = , signaling-service-prod.euw1.live.rtcp.on.epicgames.com, https://signaling-service-prod.euw1.live.rtcp.on.epicgames.com/widget/widgetJS.js)
([], --> , 404, = , signaling-service-prod.euw3.live.rtcp.on.epicgames.com, https://signaling-service-prod.euw3.live.rtcp.on.epicgames.com/widget/widgetJS.js)
([], --> , 404, = , signaling-service-prod.mes1.live.rtcp.on.epicgames.com, https://signaling-service-prod.mes1.live.rtcp.on.epicgames.com/widget/widgetJS.js)
([], --> , 404, = , signaling-service-prod.sae1.live.rtcp.on.epicgames.com, https://signaling-service-prod.sae1.live.rtcp.on.epicgames.com/widget/widgetJS.js)
([], --> , 404, = , signaling-service-prod.use1.live.rtcp.on.epicgames.com, https://signaling-service-prod.use1.live.rtcp.on.epicgames.com/widget/widgetJS.js)
([], --> , 404, = , signaling-service-prod.use2.live.rtcp.on.epicgames.com, https://signaling-service-prod.use2.live.rtcp.on.epicgames.com/widget/widgetJS.js)
([], --> , 404, = , signaling-service-prod.usw1.live.rtcp.on.epicgames.com, https://signaling-service-prod.usw1.live.rtcp.on.epicgames.com/widget/widgetJS.js)
([], --> , 404, = , signaling-service-prod.usw2.live.rtcp.on.epicgames.com, https://signaling-service-prod.usw2.live.rtcp.on.epicgames.com/widget/widgetJS.js)
([], --> , 404, = , skein-api.ucs.on.epicgames.com, https://skein-api.ucs.on.epicgames.com/widget/widgetJS.js)
([], --> , 404, = , slack-invite.it-entapps-dev.epicgames.com, https://slack-invite.it-entapps-dev.epicgames.com/widget/widgetJS.js)
([], --> , 404, = , social-ban-public-service-prod.ccec.live.use1a.on.epicgames.com, https://social-ban-public-service-prod.ccec.live.use1a.on.epicgames.com/widget/widgetJS.js)
([], --> , 404, = , social-ban-public-service-prod.ol.epicgames.com, https://social-ban-public-service-prod.ol.epicgames.com/widget/widgetJS.js)
([], --> , 404, = , social-ban-public-service-prod.social.live.on.epicgames.com, https://social-ban-public-service-prod.social.live.on.epicgames.com/widget/widgetJS.js)
([], --> , 404, = , statsproxy-public-service-live.ol.epicgames.com, https://statsproxy-public-service-live.ol.epicgames.com/widget/widgetJS.js)
([], --> , 404, = , status.epicgames.com, https://status.epicgames.com/widget/widgetJS.js)
([], --> , 404, = , store-content-ipv4.ak.epicgames.com, https://store-content-ipv4.ak.epicgames.com/widget/widgetJS.js)
([], --> , 404, = , store-content.ak.epicgames.com, https://store-content.ak.epicgames.com/widget/widgetJS.js)
([], --> , 404, = , store-site-backend-static-ipv4.ak.epicgames.com, https://store-site-backend-static-ipv4.ak.epicgames.com/widget/widgetJS.js)
([], --> , 404, = , store-site-backend-static.ak.epicgames.com, https://store-site-backend-static.ak.epicgames.com/widget/widgetJS.js)
([], --> , 404, = , tag-management-public-service-prod.identity.live.on.epicgames.com, https://tag-management-public-service-prod.identity.live.on.epicgames.com/widget/widgetJS.js)
([], --> , 404, = , talon-service-prod.ak.epicgames.com, https://talon-service-prod.ak.epicgames.com/widget/widgetJS.js)
([], --> , 404, = , talon-service-prod.ecosec.on.epicgames.com, https://talon-service-prod.ecosec.on.epicgames.com/widget/widgetJS.js)
([], --> , 404, = , talon-service-v4-prod.ak.epicgames.com, https://talon-service-v4-prod.ak.epicgames.com/widget/widgetJS.js)
([], --> , 404, = , talon-website-prod.ak.epicgames.com, https://talon-website-prod.ak.epicgames.com/widget/widgetJS.js)
([], --> , 404, = , talon-website-prod.ecosec.on.epicgames.com, https://talon-website-prod.ecosec.on.epicgames.com/widget/widgetJS.js)
([], --> , 404, = , thorn-service-prod.ecbc.live.use1a.on.epicgames.com, https://thorn-service-prod.ecbc.live.use1a.on.epicgames.com/widget/widgetJS.js)
([], --> , 404, = , tracking.unrealengine.com, https://tracking.unrealengine.com/widget/widgetJS.js)
([], --> , 404, = , vpn-sv10-ft.it.epicgames.com, https://vpn-sv10-ft.it.epicgames.com/widget/widgetJS.js)
([], --> , 404, = , weighted-communications-service-prod06.ol.epicgames.com, https://weighted-communications-service-prod06.ol.epicgames.com/widget/widgetJS.js)
([], --> , 404, = , weighted-payment-website-pci.ol.epicgames.com, https://weighted-payment-website-pci.ol.epicgames.com/widget/widgetJS.js)
([], --> , 407, = , dl.substrate.on.epicgames.com, https://dl.substrate.on.epicgames.com/widget/widgetJS.js)
([], --> , 407, = , euw1.vault.substrate.on.epicgames.com, https://euw1.vault.substrate.on.epicgames.com/widget/widgetJS.js)
([], --> , 503, = , app.epicgames.com, https://app.epicgames.com/widget/widgetJS.js)
([], --> , 503, = , eos-notifications-public-service-loadtest.ol.epicgames.com, https://eos-notifications-public-service-loadtest.ol.epicgames.com/widget/widgetJS.js)
([], --> , 503, = , fnreplay-public-service-prod.ol.epicgames.com, https://fnreplay-public-service-prod.ol.epicgames.com/widget/widgetJS.js)
([], --> , 503, = , fortnite-mm-public-service-live-prod-b.ak.epicgames.com, https://fortnite-mm-public-service-live-prod-b.ak.epicgames.com/widget/widgetJS.js)
([], --> , 503, = , kaltura.unrealengine.com, https://kaltura.unrealengine.com/widget/widgetJS.js)
([], --> , 503, = , mesh-public-service-live.ak.epicgames.com, https://mesh-public-service-live.ak.epicgames.com/widget/widgetJS.js)
([], --> , 503, = , orioncontent-prod07.ol.epicgames.com, https://orioncontent-prod07.ol.epicgames.com/widget/widgetJS.js)
([], --> , 503, = , unrealengine-ci-debug.ol.epicgames.com, https://unrealengine-ci-debug.ol.epicgames.com/widget/widgetJS.js)